<?xml version='1.0' encoding='UTF-8' standalone='yes'?>
<WORKSPACE>
 <FRAME activewindow="0">
  <PLACEMENT>2c0000000200000003000000ffffffffffffffffffffffffffffffff930000000a000000ad05000052030000</PLACEMENT>
  <WINDOW type="default" module="ISIS"/>
 </FRAME>
 <MODULE name="VSMDEBUG">
  <PWI>
   <POPUP w="800" x="627" flags="00008003" y="638" h="200" pid="0" iid="-1">
    <PROPERTIES>
     <ITEM name="Message Column Width">665</ITEM>
     <ITEM name="ShowGrid">No</ITEM>
     <ITEM name="Source Column Width">100</ITEM>
     <ITEM name="Version">100</ITEM>
    </PROPERTIES>
   </POPUP>
   <POPUP w="350" x="57" flags="00000032" y="147" h="200" pid="1" iid="-1">
    <PROPERTIES>
     <ITEM name="Address Column Width">83</ITEM>
     <ITEM name="AutoResize">No</ITEM>
     <ITEM name="Gridlines">Yes</ITEM>
     <ITEM name="Name Column Width">83</ITEM>
     <ITEM name="ShowAddresses">Yes</ITEM>
     <ITEM name="ShowPreviousValues">No</ITEM>
     <ITEM name="ShowTypes">No</ITEM>
     <ITEM name="ShowWatchPoint">Yes</ITEM>
     <ITEM name="TriggerMode">0</ITEM>
     <ITEM name="Value Column Width">83</ITEM>
     <ITEM name="Version">100</ITEM>
     <ITEM name="Watch Expression Column Width">83</ITEM>
     <ITEM name="nItems">0</ITEM>
    </PROPERTIES>
   </POPUP>
   <POPUP w="20" x="77" flags="00000000" y="167" h="3" pid="1" iid="1">
    <PROPERTIES/>
   </POPUP>
   <POPUP w="8" x="97" flags="00000008" y="187" h="8" pid="2" iid="1">
    <PROPERTIES>
     <ITEM name="DataType">2</ITEM>
     <ITEM name="DispChars">Yes</ITEM>
     <ITEM name="DispFormat">2</ITEM>
     <ITEM name="ShowChanges">Yes</ITEM>
     <ITEM name="ShowToolTips">Yes</ITEM>
     <ITEM name="TopLineAddress">00000000</ITEM>
    </PROPERTIES>
   </POPUP>
   <POPUP w="52" x="117" flags="00000008" y="207" h="13" pid="3" iid="4">
    <PROPERTIES/>
   </POPUP>
   <POPUP w="8" x="137" flags="0000000a" y="227" h="32" pid="4" iid="4">
    <PROPERTIES>
     <ITEM name="DataType">2</ITEM>
     <ITEM name="DispChars">Yes</ITEM>
     <ITEM name="DispFormat">2</ITEM>
     <ITEM name="ShowChanges">Yes</ITEM>
     <ITEM name="ShowToolTips">Yes</ITEM>
     <ITEM name="TopLineAddress">00000000</ITEM>
    </PROPERTIES>
   </POPUP>
   <POPUP w="8" x="157" flags="0000000a" y="247" h="32" pid="5" iid="4">
    <PROPERTIES>
     <ITEM name="DataType">2</ITEM>
     <ITEM name="DispChars">Yes</ITEM>
     <ITEM name="DispFormat">2</ITEM>
     <ITEM name="ShowChanges">Yes</ITEM>
     <ITEM name="ShowToolTips">Yes</ITEM>
     <ITEM name="TopLineAddress">00000000</ITEM>
    </PROPERTIES>
   </POPUP>
   <POPUP w="16" x="177" flags="0000000a" y="267" h="32" pid="6" iid="4">
    <PROPERTIES>
     <ITEM name="DataType">2</ITEM>
     <ITEM name="DispChars">Yes</ITEM>
     <ITEM name="DispFormat">2</ITEM>
     <ITEM name="ShowChanges">Yes</ITEM>
     <ITEM name="ShowToolTips">Yes</ITEM>
     <ITEM name="TopLineAddress">00000000</ITEM>
    </PROPERTIES>
   </POPUP>
   <POPUP w="14" x="197" flags="00000008" y="287" h="8" pid="7" iid="4">
    <PROPERTIES/>
   </POPUP>
   <POPUP w="8" x="217" flags="00000002" y="307" h="8" pid="8" iid="4">
    <PROPERTIES>
     <ITEM name="DataType">2</ITEM>
     <ITEM name="DispChars">Yes</ITEM>
     <ITEM name="DispFormat">2</ITEM>
     <ITEM name="ShowChanges">Yes</ITEM>
     <ITEM name="ShowToolTips">Yes</ITEM>
     <ITEM name="TopLineAddress">00000000</ITEM>
    </PROPERTIES>
   </POPUP>
   <POPUP w="450" x="37" flags="00000022" y="127" h="250" pid="0" iid="8">
    <PROPERTIES>
     <ITEM name="ComboBox1000">S</ITEM>
     <ITEM name="ComboBox1001">Sr</ITEM>
     <ITEM name="ComboBox1002">P</ITEM>
     <ITEM name="ComboBox1003">A</ITEM>
     <ITEM name="ComboBox1004">N</ITEM>
     <ITEM name="ComboBox1005">S</ITEM>
     <ITEM name="ComboBox1006">Sr</ITEM>
     <ITEM name="ComboBox1007">P</ITEM>
     <ITEM name="ComboBox1008">A</ITEM>
     <ITEM name="ComboBox1009">N</ITEM>
     <ITEM name="HSplitter1Pos">100</ITEM>
     <ITEM name="VSplitter1Pos">238</ITEM>
    </PROPERTIES>
   </POPUP>
   <POPUP w="695" x="876" flags="00000001" y="316" h="448" pid="0" iid="10">
    <PROPERTIES/>
   </POPUP>
   <POPUP w="450" x="335" flags="00008023" y="474" h="250" pid="0" iid="9">
    <PROPERTIES>
     <ITEM name="AutoEcho">0</ITEM>
     <ITEM name="HexMode">0</ITEM>
    </PROPERTIES>
   </POPUP>
   <POPUP w="450" x="98" flags="00000022" y="151" h="250" pid="0" iid="11">
    <PROPERTIES>
     <ITEM name="ComboBox1000">S</ITEM>
     <ITEM name="ComboBox1001">Sr</ITEM>
     <ITEM name="ComboBox1002">P</ITEM>
     <ITEM name="ComboBox1003">A</ITEM>
     <ITEM name="ComboBox1004">N</ITEM>
     <ITEM name="ComboBox1005">S</ITEM>
     <ITEM name="ComboBox1006">Sr</ITEM>
     <ITEM name="ComboBox1007">P</ITEM>
     <ITEM name="ComboBox1008">A</ITEM>
     <ITEM name="ComboBox1009">N</ITEM>
     <ITEM name="HSplitter1Pos">100</ITEM>
     <ITEM name="VSplitter1Pos">238</ITEM>
    </PROPERTIES>
   </POPUP>
  </PWI>
 </MODULE>
</WORKSPACE>
