<?xml version="1.0" encoding="UTF-8"?>
<project-private xmlns="http://www.netbeans.org/ns/project-private/1">
    <editor-bookmarks xmlns="http://www.netbeans.org/ns/editor-bookmarks/2" lastBookmarkId="0"/>
    <open-files xmlns="http://www.netbeans.org/ns/projectui-open-files/2">
        <group>
            <file>file:/E:/embedded_C/PIC_codes/11_i2c/i2c_07/i2c_07_master/i2c_07_master.X/i2c.c</file>
            <file>file:/E:/embedded_C/PIC_codes/11_i2c/i2c_07/i2c_07_master/i2c_07_master.X/main.c</file>
        </group>
    </open-files>
</project-private>
