<?xml version="1.0" encoding="UTF-8"?>
<project-private xmlns="http://www.netbeans.org/ns/project-private/1">
    <editor-bookmarks xmlns="http://www.netbeans.org/ns/editor-bookmarks/2" lastBookmarkId="0"/>
    <open-files xmlns="http://www.netbeans.org/ns/projectui-open-files/2">
        <group>
            <file>file:/E:/PIC_codes_16f887/05_timer/timer_17/timer_17.X/intp_event_handle.c</file>
            <file>file:/E:/PIC_codes_16f887/05_timer/timer_17/timer_17.X/main.c</file>
        </group>
    </open-files>
</project-private>
