<?xml version='1.0' encoding='UTF-8' standalone='yes'?>
<WORKSPACE>
 <FRAME activewindow="0">
  <PLACEMENT>2c0000000200000003000000ffffffffffffffffffffffffffffffff8300000009000000d4040000d0020000</PLACEMENT>
  <WINDOW type="default" module="ISIS"/>
 </FRAME>
 <MODULE name="VSMDEBUG">
  <PWI>
   <POPUP w="800" x="66" flags="00000002" y="127" h="200" pid="0" iid="-1">
    <PROPERTIES/>
   </POPUP>
   <POPUP w="350" x="86" flags="00000032" y="147" h="200" pid="1" iid="-1">
    <PROPERTIES/>
   </POPUP>
   <POPUP w="450" x="106" flags="00000022" y="167" h="250" pid="0" iid="12">
    <PROPERTIES/>
   </POPUP>
   <POPUP w="52" x="126" flags="00000048" y="187" h="13" pid="3" iid="4">
    <PROPERTIES/>
   </POPUP>
   <POPUP w="8" x="146" flags="0000000a" y="207" h="32" pid="4" iid="4">
    <PROPERTIES/>
   </POPUP>
   <POPUP w="8" x="166" flags="0000000a" y="227" h="32" pid="5" iid="4">
    <PROPERTIES/>
   </POPUP>
   <POPUP w="16" x="186" flags="0000000a" y="247" h="32" pid="6" iid="4">
    <PROPERTIES/>
   </POPUP>
   <POPUP w="14" x="206" flags="00000008" y="267" h="8" pid="7" iid="4">
    <PROPERTIES/>
   </POPUP>
   <POPUP w="8" x="226" flags="80000002" y="287" h="8" pid="8" iid="4">
    <PROPERTIES/>
   </POPUP>
   <POPUP w="20" x="246" flags="00000001" y="307" h="3" pid="1" iid="1">
    <PROPERTIES/>
   </POPUP>
   <POPUP w="8" x="266" flags="00000008" y="327" h="8" pid="2" iid="1">
    <PROPERTIES/>
   </POPUP>
   <POPUP w="450" x="286" flags="00000022" y="347" h="250" pid="0" iid="8">
    <PROPERTIES/>
   </POPUP>
  </PWI>
 </MODULE>
</WORKSPACE>
