<?xml version="1.0" encoding="UTF-8"?>
<project-private xmlns="http://www.netbeans.org/ns/project-private/1">
    <editor-bookmarks xmlns="http://www.netbeans.org/ns/editor-bookmarks/2" lastBookmarkId="0"/>
    <open-files xmlns="http://www.netbeans.org/ns/projectui-open-files/2">
        <group>
            <file>file:/E:/PIC_codes/08_uart/uart_03/uart3.X/lcd.c</file>
            <file>file:/E:/PIC_codes/08_uart/uart_03/uart3.X/timer.h</file>
            <file>file:/E:/PIC_codes/08_uart/uart_03/uart3.X/main.c</file>
            <file>file:/E:/PIC_codes/08_uart/uart_03/uart3.X/timer.c</file>
        </group>
    </open-files>
</project-private>
