<?xml version='1.0' encoding='UTF-8' standalone='yes'?>
<WORKSPACE>
 <FRAME activewindow="0">
  <PLACEMENT>2c0000000200000003000000ffffffffffffffffffffffffffffffff8300000009000000d4040000d0020000</PLACEMENT>
  <WINDOW type="default" module="ISIS"/>
 </FRAME>
 <MODULE name="VSMDEBUG">
  <PWI>
   <POPUP w="800" x="66" flags="00000002" y="127" h="200" pid="0" iid="-1">
    <PROPERTIES>
     <ITEM name="Message Column Width">544</ITEM>
     <ITEM name="ShowGrid">No</ITEM>
     <ITEM name="Source Column Width">100</ITEM>
     <ITEM name="Time Column Width">120</ITEM>
     <ITEM name="Version">100</ITEM>
    </PROPERTIES>
   </POPUP>
   <POPUP w="463" x="86" flags="00000032" y="147" h="200" pid="1" iid="-1">
    <PROPERTIES>
     <ITEM name="Address Column Width">83</ITEM>
     <ITEM name="AutoResize">No</ITEM>
     <ITEM name="Gridlines">Yes</ITEM>
     <ITEM name="Name Column Width">83</ITEM>
     <ITEM name="ShowAddresses">Yes</ITEM>
     <ITEM name="ShowPreviousValues">No</ITEM>
     <ITEM name="ShowTypes">No</ITEM>
     <ITEM name="ShowWatchPoint">Yes</ITEM>
     <ITEM name="TriggerMode">0</ITEM>
     <ITEM name="Value Column Width">83</ITEM>
     <ITEM name="Version">100</ITEM>
     <ITEM name="Watch Expression Column Width">83</ITEM>
     <ITEM name="nItems">0</ITEM>
    </PROPERTIES>
   </POPUP>
   <POPUP w="450" x="106" flags="00000022" y="167" h="250" pid="0" iid="10">
    <PROPERTIES>
     <ITEM name="ComboBox1000">S</ITEM>
     <ITEM name="ComboBox1001">Sr</ITEM>
     <ITEM name="ComboBox1002">P</ITEM>
     <ITEM name="ComboBox1003">A</ITEM>
     <ITEM name="ComboBox1004">N</ITEM>
     <ITEM name="ComboBox1005">S</ITEM>
     <ITEM name="ComboBox1006">Sr</ITEM>
     <ITEM name="ComboBox1007">P</ITEM>
     <ITEM name="ComboBox1008">A</ITEM>
     <ITEM name="ComboBox1009">N</ITEM>
     <ITEM name="HSplitter1Pos">100</ITEM>
     <ITEM name="VSplitter1Pos">238</ITEM>
    </PROPERTIES>
   </POPUP>
   <POPUP w="695" x="323" flags="00000023" y="280" h="448" pid="0" iid="9">
    <PROPERTIES>
     <ITEM name="ComboBox1000">S</ITEM>
     <ITEM name="ComboBox1001">Sr</ITEM>
     <ITEM name="ComboBox1002">P</ITEM>
     <ITEM name="ComboBox1003">A</ITEM>
     <ITEM name="ComboBox1004">N</ITEM>
     <ITEM name="ComboBox1005">S</ITEM>
     <ITEM name="ComboBox1006">Sr</ITEM>
     <ITEM name="ComboBox1007">P</ITEM>
     <ITEM name="ComboBox1008">A</ITEM>
     <ITEM name="ComboBox1009">N</ITEM>
     <ITEM name="HSplitter1Pos">100</ITEM>
     <ITEM name="VSplitter1Pos">238</ITEM>
    </PROPERTIES>
   </POPUP>
   <POPUP w="450" x="50" flags="00000022" y="369" h="250" pid="0" iid="8">
    <PROPERTIES>
     <ITEM name="AutoEcho">0</ITEM>
     <ITEM name="HexMode">0</ITEM>
    </PROPERTIES>
   </POPUP>
   <POPUP w="52" x="166" flags="00000048" y="227" h="13" pid="3" iid="4">
    <PROPERTIES/>
   </POPUP>
   <POPUP w="8" x="186" flags="0000000a" y="247" h="32" pid="4" iid="4">
    <PROPERTIES>
     <ITEM name="DataType">2</ITEM>
     <ITEM name="DispChars">Yes</ITEM>
     <ITEM name="DispFormat">2</ITEM>
     <ITEM name="ShowChanges">Yes</ITEM>
     <ITEM name="ShowToolTips">Yes</ITEM>
     <ITEM name="TopLineAddress">00000000</ITEM>
    </PROPERTIES>
   </POPUP>
   <POPUP w="8" x="206" flags="0000000a" y="267" h="32" pid="5" iid="4">
    <PROPERTIES>
     <ITEM name="DataType">2</ITEM>
     <ITEM name="DispChars">Yes</ITEM>
     <ITEM name="DispFormat">2</ITEM>
     <ITEM name="ShowChanges">Yes</ITEM>
     <ITEM name="ShowToolTips">Yes</ITEM>
     <ITEM name="TopLineAddress">00000000</ITEM>
    </PROPERTIES>
   </POPUP>
   <POPUP w="16" x="226" flags="0000000a" y="287" h="32" pid="6" iid="4">
    <PROPERTIES>
     <ITEM name="DataType">2</ITEM>
     <ITEM name="DispChars">Yes</ITEM>
     <ITEM name="DispFormat">2</ITEM>
     <ITEM name="ShowChanges">Yes</ITEM>
     <ITEM name="ShowToolTips">Yes</ITEM>
     <ITEM name="TopLineAddress">00000000</ITEM>
    </PROPERTIES>
   </POPUP>
   <POPUP w="14" x="246" flags="00000008" y="307" h="8" pid="7" iid="4">
    <PROPERTIES/>
   </POPUP>
   <POPUP w="8" x="266" flags="00000002" y="327" h="8" pid="8" iid="4">
    <PROPERTIES>
     <ITEM name="DataType">2</ITEM>
     <ITEM name="DispChars">Yes</ITEM>
     <ITEM name="DispFormat">2</ITEM>
     <ITEM name="ShowChanges">Yes</ITEM>
     <ITEM name="ShowToolTips">Yes</ITEM>
     <ITEM name="TopLineAddress">00000000</ITEM>
    </PROPERTIES>
   </POPUP>
   <POPUP w="20" x="286" flags="00000001" y="347" h="3" pid="1" iid="1">
    <PROPERTIES/>
   </POPUP>
   <POPUP w="8" x="306" flags="00000008" y="367" h="8" pid="2" iid="1">
    <PROPERTIES>
     <ITEM name="DataType">2</ITEM>
     <ITEM name="DispChars">Yes</ITEM>
     <ITEM name="DispFormat">2</ITEM>
     <ITEM name="ShowChanges">Yes</ITEM>
     <ITEM name="ShowToolTips">Yes</ITEM>
     <ITEM name="TopLineAddress">00000000</ITEM>
    </PROPERTIES>
   </POPUP>
   <POPUP w="450" x="66" flags="00000022" y="127" h="250" pid="0" iid="5">
    <PROPERTIES>
     <ITEM name="ComboBox1000">S</ITEM>
     <ITEM name="ComboBox1001">Sr</ITEM>
     <ITEM name="ComboBox1002">P</ITEM>
     <ITEM name="ComboBox1003">A</ITEM>
     <ITEM name="ComboBox1004">N</ITEM>
     <ITEM name="ComboBox1005">S</ITEM>
     <ITEM name="ComboBox1006">Sr</ITEM>
     <ITEM name="ComboBox1007">P</ITEM>
     <ITEM name="ComboBox1008">A</ITEM>
     <ITEM name="ComboBox1009">N</ITEM>
     <ITEM name="HSplitter1Pos">100</ITEM>
     <ITEM name="VSplitter1Pos">238</ITEM>
    </PROPERTIES>
   </POPUP>
   <POPUP w="52" x="86" flags="00000048" y="147" h="13" pid="3" iid="1">
    <PROPERTIES/>
   </POPUP>
   <POPUP w="8" x="106" flags="0000000a" y="167" h="32" pid="4" iid="1">
    <PROPERTIES>
     <ITEM name="DataType">2</ITEM>
     <ITEM name="DispChars">Yes</ITEM>
     <ITEM name="DispFormat">2</ITEM>
     <ITEM name="ShowChanges">Yes</ITEM>
     <ITEM name="ShowToolTips">Yes</ITEM>
     <ITEM name="TopLineAddress">00000000</ITEM>
    </PROPERTIES>
   </POPUP>
   <POPUP w="8" x="126" flags="0000000a" y="187" h="32" pid="5" iid="1">
    <PROPERTIES>
     <ITEM name="DataType">2</ITEM>
     <ITEM name="DispChars">Yes</ITEM>
     <ITEM name="DispFormat">2</ITEM>
     <ITEM name="ShowChanges">Yes</ITEM>
     <ITEM name="ShowToolTips">Yes</ITEM>
     <ITEM name="TopLineAddress">00000000</ITEM>
    </PROPERTIES>
   </POPUP>
   <POPUP w="16" x="146" flags="0000000a" y="207" h="32" pid="6" iid="1">
    <PROPERTIES>
     <ITEM name="DataType">2</ITEM>
     <ITEM name="DispChars">Yes</ITEM>
     <ITEM name="DispFormat">2</ITEM>
     <ITEM name="ShowChanges">Yes</ITEM>
     <ITEM name="ShowToolTips">Yes</ITEM>
     <ITEM name="TopLineAddress">00000000</ITEM>
    </PROPERTIES>
   </POPUP>
   <POPUP w="14" x="166" flags="00000008" y="227" h="8" pid="7" iid="1">
    <PROPERTIES/>
   </POPUP>
   <POPUP w="8" x="186" flags="00000002" y="247" h="8" pid="8" iid="1">
    <PROPERTIES>
     <ITEM name="DataType">2</ITEM>
     <ITEM name="DispChars">Yes</ITEM>
     <ITEM name="DispFormat">2</ITEM>
     <ITEM name="ShowChanges">Yes</ITEM>
     <ITEM name="ShowToolTips">Yes</ITEM>
     <ITEM name="TopLineAddress">00000000</ITEM>
    </PROPERTIES>
   </POPUP>
   <POPUP w="450" x="206" flags="00000022" y="267" h="250" pid="0" iid="2">
    <PROPERTIES>
     <ITEM name="AutoEcho">0</ITEM>
     <ITEM name="HexMode">0</ITEM>
    </PROPERTIES>
   </POPUP>
   <POPUP w="52" x="66" flags="00000048" y="127" h="13" pid="3" iid="6">
    <PROPERTIES/>
   </POPUP>
   <POPUP w="8" x="86" flags="0000000a" y="147" h="32" pid="4" iid="6">
    <PROPERTIES>
     <ITEM name="DataType">2</ITEM>
     <ITEM name="DispChars">Yes</ITEM>
     <ITEM name="DispFormat">2</ITEM>
     <ITEM name="ShowChanges">Yes</ITEM>
     <ITEM name="ShowToolTips">Yes</ITEM>
     <ITEM name="TopLineAddress">00000000</ITEM>
    </PROPERTIES>
   </POPUP>
   <POPUP w="8" x="106" flags="0000000a" y="167" h="32" pid="5" iid="6">
    <PROPERTIES>
     <ITEM name="DataType">2</ITEM>
     <ITEM name="DispChars">Yes</ITEM>
     <ITEM name="DispFormat">2</ITEM>
     <ITEM name="ShowChanges">Yes</ITEM>
     <ITEM name="ShowToolTips">Yes</ITEM>
     <ITEM name="TopLineAddress">00000000</ITEM>
    </PROPERTIES>
   </POPUP>
   <POPUP w="16" x="126" flags="0000000a" y="187" h="32" pid="6" iid="6">
    <PROPERTIES>
     <ITEM name="DataType">2</ITEM>
     <ITEM name="DispChars">Yes</ITEM>
     <ITEM name="DispFormat">2</ITEM>
     <ITEM name="ShowChanges">Yes</ITEM>
     <ITEM name="ShowToolTips">Yes</ITEM>
     <ITEM name="TopLineAddress">00000000</ITEM>
    </PROPERTIES>
   </POPUP>
   <POPUP w="14" x="146" flags="00000008" y="207" h="8" pid="7" iid="6">
    <PROPERTIES/>
   </POPUP>
   <POPUP w="8" x="166" flags="00000002" y="227" h="8" pid="8" iid="6">
    <PROPERTIES>
     <ITEM name="DataType">2</ITEM>
     <ITEM name="DispChars">Yes</ITEM>
     <ITEM name="DispFormat">2</ITEM>
     <ITEM name="ShowChanges">Yes</ITEM>
     <ITEM name="ShowToolTips">Yes</ITEM>
     <ITEM name="TopLineAddress">00000000</ITEM>
    </PROPERTIES>
   </POPUP>
   <POPUP w="554" x="186" flags="00008023" y="247" h="250" pid="0" iid="4">
    <PROPERTIES>
     <ITEM name="AutoEcho">0</ITEM>
     <ITEM name="HexMode">0</ITEM>
    </PROPERTIES>
   </POPUP>
   <POPUP w="450" x="759" flags="00000023" y="255" h="250" pid="0" iid="7">
    <PROPERTIES>
     <ITEM name="AutoEcho">0</ITEM>
     <ITEM name="HexMode">0</ITEM>
    </PROPERTIES>
   </POPUP>
  </PWI>
 </MODULE>
</WORKSPACE>
