<?xml version="1.0" encoding="UTF-8"?>
<project-private xmlns="http://www.netbeans.org/ns/project-private/1">
    <editor-bookmarks xmlns="http://www.netbeans.org/ns/editor-bookmarks/2" lastBookmarkId="0"/>
    <open-files xmlns="http://www.netbeans.org/ns/projectui-open-files/2">
        <group>
            <file>file:/E:/embedded_C/PIC_codes/04_lcd/lcd_18/lcd18.X/lcd.c</file>
            <file>file:/E:/embedded_C/PIC_codes/04_lcd/lcd_18/lcd18.X/port.h</file>
            <file>file:/E:/embedded_C/PIC_codes/04_lcd/lcd_18/lcd18.X/main.c</file>
            <file>file:/E:/embedded_C/PIC_codes/04_lcd/lcd_18/lcd18.X/uart.c</file>
            <file>file:/E:/embedded_C/PIC_codes/04_lcd/lcd_18/lcd18.X/lcd.h</file>
        </group>
    </open-files>
</project-private>
