<?xml version='1.0' encoding='UTF-8' standalone='yes'?>
<WORKSPACE>
 <FRAME activewindow="0">
  <PLACEMENT>2c0000000200000003000000ffffffffffffffffffffffffffffffff930000000a000000ad05000052030000</PLACEMENT>
  <WINDOW type="default" module="ISIS"/>
 </FRAME>
 <MODULE name="VSMDEBUG">
  <PWI>
   <POPUP w="800" x="37" flags="00000002" y="127" h="200" pid="0" iid="-1">
    <PROPERTIES/>
   </POPUP>
   <POPUP w="350" x="57" flags="00000032" y="147" h="200" pid="1" iid="-1">
    <PROPERTIES/>
   </POPUP>
  </PWI>
 </MODULE>
</WORKSPACE>
