<?xml version='1.0' encoding='UTF-8' standalone='yes'?>
<WORKSPACE>
 <FRAME activewindow="0">
  <PLACEMENT>2c0000000000000001000000ffffffffffffffffffffffffffffffff930000000a000000ad05000052030000</PLACEMENT>
  <WINDOW type="default" module="ISIS"/>
 </FRAME>
 <MODULE name="VSMDEBUG">
  <PWI>
   <POPUP w="800" x="192" flags="00000002" y="145" h="200" pid="0" iid="-1">
    <PROPERTIES/>
   </POPUP>
   <POPUP w="350" x="212" flags="00000032" y="165" h="200" pid="1" iid="-1">
    <PROPERTIES/>
   </POPUP>
   <POPUP w="52" x="232" flags="00000008" y="185" h="13" pid="3" iid="2">
    <PROPERTIES/>
   </POPUP>
   <POPUP w="8" x="252" flags="0000000a" y="205" h="32" pid="4" iid="2">
    <PROPERTIES/>
   </POPUP>
   <POPUP w="8" x="272" flags="0000000a" y="225" h="32" pid="5" iid="2">
    <PROPERTIES/>
   </POPUP>
   <POPUP w="16" x="292" flags="0000000a" y="245" h="32" pid="6" iid="2">
    <PROPERTIES/>
   </POPUP>
   <POPUP w="14" x="312" flags="00000008" y="265" h="8" pid="7" iid="2">
    <PROPERTIES/>
   </POPUP>
   <POPUP w="8" x="332" flags="80000002" y="285" h="8" pid="8" iid="2">
    <PROPERTIES/>
   </POPUP>
  </PWI>
 </MODULE>
</WORKSPACE>
