<?xml version="1.0" encoding="UTF-8"?>
<project-private xmlns="http://www.netbeans.org/ns/project-private/1">
    <editor-bookmarks xmlns="http://www.netbeans.org/ns/editor-bookmarks/2" lastBookmarkId="0"/>
    <open-files xmlns="http://www.netbeans.org/ns/projectui-open-files/2">
        <group>
            <file>file:/F:/STUDENT%20PROGRAM/EMBEDDED/arun/PIC_codes/11_i2c/i2c_03/i2c_03_master/i2c_03_master.X/main.c</file>
            <file>file:/F:/STUDENT%20PROGRAM/EMBEDDED/arun/PIC_codes/11_i2c/i2c_03/i2c_03_master/i2c_03_master.X/i2c_fsm.c</file>
            <file>file:/F:/STUDENT%20PROGRAM/EMBEDDED/arun/PIC_codes/11_i2c/i2c_03/i2c_03_master/i2c_03_master.X/i2c.c</file>
        </group>
    </open-files>
</project-private>
