<?xml version="1.0" encoding="UTF-8"?>
<project-private xmlns="http://www.netbeans.org/ns/project-private/1">
    <editor-bookmarks xmlns="http://www.netbeans.org/ns/editor-bookmarks/2" lastBookmarkId="0"/>
    <open-files xmlns="http://www.netbeans.org/ns/projectui-open-files/2">
        <group>
            <file>file:/E:/embedded_C/PIC_codes/05_timer/timer_15/timer_15.X/uart.c</file>
            <file>file:/E:/embedded_C/PIC_codes/05_timer/timer_15/timer_15.X/main.c</file>
            <file>file:/E:/embedded_C/PIC_codes/05_timer/timer_15/timer_15.X/timer.c</file>
            <file>file:/E:/embedded_C/PIC_codes/05_timer/timer_15/timer_15.X/intp_event_handle.c</file>
            <file>file:/E:/embedded_C/PIC_codes/05_timer/timer_15/timer_15.X/isr.c</file>
            <file>file:/E:/embedded_C/PIC_codes/05_timer/timer_15/timer_15.X/timer.h</file>
            <file>file:/E:/embedded_C/PIC_codes/05_timer/timer_15/timer_15.X/main.h</file>
            <file>file:/E:/embedded_C/PIC_codes/05_timer/timer_15/timer_15.X/lcd.c</file>
        </group>
    </open-files>
</project-private>
